,Income,Age,Awareness of Charities,Confidence in Charities,Positive Impact of Charities,Intercepts
Donation Magnitude,-0.007181967013480885,17.77998111262705,464.17181379383123,-63.275982874228994,122.16534040574814,9173.33766630738
Donation Frequency,3.890773462392094e-06,-0.019088921490292884,-0.007605612093243429,-0.18057704703684468,-0.02547892535051942,6.816661091759926
